{
  "project_info": {
    "project_number": "614380212796",
    "project_id": "fir-1-a2e22",
    "storage_bucket": "fir-1-a2e22.appspot.com"
  },
  "client": [
    {
      "client_info": {
        "mobilesdk_app_id": "1:614380212796:android:691a9a1546c48f97486939",
        "android_client_info": {
          "package_name": "Fire.base_23"
        }
      },
      "oauth_client": [
        {
          "client_id": "614380212796-cpqo0efbmnu9tdqohmifds43ofq8d7d9.apps.googleusercontent.com",
          "client_type": 3
        }
      ],
      "api_key": [
        {
          "current_key": "AIzaSyCupzFXWUckYdpxg2aP81aYmSVuPDTzWwE"
        }
      ],
      "services": {
        "appinvite_service": {
          "other_platform_oauth_client": [
            {
              "client_id": "614380212796-cpqo0efbmnu9tdqohmifds43ofq8d7d9.apps.googleusercontent.com",
              "client_type": 3
            }
          ]
        }
      }
    },
    {
      "client_info": {
        "mobilesdk_app_id": "1:614380212796:android:a259c944646cf78c486939",
        "android_client_info": {
          "package_name": "com.example.admin"
        }
      },
      "oauth_client": [
        {
          "client_id": "614380212796-cpqo0efbmnu9tdqohmifds43ofq8d7d9.apps.googleusercontent.com",
          "client_type": 3
        }
      ],
      "api_key": [
        {
          "current_key": "AIzaSyCupzFXWUckYdpxg2aP81aYmSVuPDTzWwE"
        }
      ],
      "services": {
        "appinvite_service": {
          "other_platform_oauth_client": [
            {
              "client_id": "614380212796-cpqo0efbmnu9tdqohmifds43ofq8d7d9.apps.googleusercontent.com",
              "client_type": 3
            }
          ]
        }
      }
    }
  ],
  "configuration_version": "1"
}